user_id,category,year_month,amount
1,Dining,2026-03,178.13
1,Dining,2026-04,209.1
1,Dining,2026-05,131.1
1,Dining,2026-06,151.92
1,Dining,2026-07,160.95
1,Dining,2026-08,27.47
1,Education,2026-03,141.73
1,Education,2026-04,112.94999999999999
1,Education,2026-05,394.37
1,Education,2026-06,27.36
1,Education,2026-07,79.13000000000001
1,Education,2026-08,157.44
1,Entertainment,2026-03,60.4
1,Entertainment,2026-04,134.54
1,Entertainment,2026-05,51.25
1,Entertainment,2026-06,16.869999999999997
1,Entertainment,2026-07,111.87
1,Entertainment,2026-08,63.63
1,Entertainment,2026-09,2.43
1,Groceries,2026-03,368.58
1,Groceries,2026-04,720.87
1,Groceries,2026-05,423.83
1,Groceries,2026-06,275.62
1,Groceries,2026-07,461.24
1,Groceries,2026-08,284.59
1,Groceries,2026-09,64.19
1,Healthcare,2026-03,23.45
1,Healthcare,2026-05,48.4
1,Healthcare,2026-08,47.89
1,Shopping,2026-04,138.89999999999998
1,Shopping,2026-05,314.40000000000003
1,Shopping,2026-06,75.78
1,Shopping,2026-07,312.14
1,Shopping,2026-08,136.72
1,Transport,2026-03,46.67
1,Transport,2026-04,28.87
1,Transport,2026-05,74.57
1,Transport,2026-06,80.33
1,Transport,2026-07,41.3
1,Transport,2026-08,84.55
1,Utilities,2026-03,72.23
1,Utilities,2026-04,50.27
1,Utilities,2026-05,54.23
1,Utilities,2026-07,54.62
2,Dining,2026-03,144.71
2,Dining,2026-04,122.07
2,Dining,2026-05,58.5
2,Dining,2026-06,102.36
2,Dining,2026-07,46.22
2,Dining,2026-08,130.24
2,Entertainment,2026-03,66.56
2,Entertainment,2026-04,92.33
2,Entertainment,2026-05,70.25
2,Entertainment,2026-06,36.13
2,Entertainment,2026-07,81.27
2,Entertainment,2026-08,31.159999999999997
2,Groceries,2026-03,254.47
2,Groceries,2026-04,262.24
2,Groceries,2026-05,105.25
2,Groceries,2026-06,301.34999999999997
2,Groceries,2026-07,108.59
2,Groceries,2026-08,132.45999999999998
2,Healthcare,2026-03,1.0
2,Healthcare,2026-05,39.46
2,Healthcare,2026-06,32.17
2,Healthcare,2026-08,37.1
2,Rent,2026-03,2170.71
2,Rent,2026-04,1239.23
2,Rent,2026-05,2634.7
2,Rent,2026-06,912.78
2,Rent,2026-07,588.4
2,Rent,2026-08,3725.07
2,Shopping,2026-03,773.5699999999999
2,Shopping,2026-04,221.34
2,Shopping,2026-05,334.36
2,Shopping,2026-06,415.86
2,Shopping,2026-07,579.4100000000001
2,Shopping,2026-08,265.04
2,Transport,2026-03,41.32
2,Transport,2026-04,101.5
2,Transport,2026-05,61.68
2,Transport,2026-06,97.23
2,Transport,2026-07,158.99
2,Transport,2026-08,47.769999999999996
2,Transport,2026-09,29.37
2,Travel,2026-03,240.45
2,Travel,2026-04,444.67
2,Travel,2026-05,621.88
2,Travel,2026-06,202.2
2,Travel,2026-08,580.28
2,Utilities,2026-03,235.59
2,Utilities,2026-04,303.13
2,Utilities,2026-05,320.21000000000004
2,Utilities,2026-06,265.52
2,Utilities,2026-07,195.96999999999997
2,Utilities,2026-08,139.11
3,Dining,2026-03,36.86
3,Dining,2026-04,71.95
3,Dining,2026-05,327.09000000000003
3,Dining,2026-06,71.33999999999999
3,Dining,2026-07,78.38
3,Dining,2026-08,62.620000000000005
3,Entertainment,2026-03,73.17
3,Entertainment,2026-04,90.48
3,Entertainment,2026-05,48.43
3,Entertainment,2026-06,45.29
3,Entertainment,2026-07,34.47
3,Entertainment,2026-08,87.72
3,Groceries,2026-03,84.53999999999999
3,Groceries,2026-04,48.77
3,Groceries,2026-05,267.74
3,Groceries,2026-06,143.52
3,Groceries,2026-07,356.06
3,Groceries,2026-08,529.27
3,Healthcare,2026-04,137.68
3,Healthcare,2026-06,38.44
3,Healthcare,2026-08,1.0
3,Rent,2026-03,1800.01
3,Rent,2026-04,1558.67
3,Rent,2026-05,3397.4300000000003
3,Rent,2026-06,6004.09
3,Rent,2026-07,2402.53
3,Rent,2026-08,2793.37
3,Shopping,2026-03,516.54
3,Shopping,2026-04,278.35
3,Shopping,2026-05,292.93
3,Shopping,2026-06,366.33
3,Shopping,2026-07,480.59
3,Shopping,2026-08,429.97
3,Travel,2026-03,269.78999999999996
3,Travel,2026-04,2064.67
3,Travel,2026-05,6761.5599999999995
3,Travel,2026-06,2235.1
3,Travel,2026-07,2556.9700000000003
3,Travel,2026-08,3174.66
3,Utilities,2026-03,98.02000000000001
3,Utilities,2026-04,52.76
3,Utilities,2026-06,56.22
3,Utilities,2026-07,38.0
3,Utilities,2026-08,81.3
4,Dining,2026-03,154.86
4,Dining,2026-04,141.66
4,Dining,2026-05,155.23
4,Dining,2026-06,203.59
4,Dining,2026-07,176.38
4,Dining,2026-08,118.59
4,Entertainment,2026-03,106.84
4,Entertainment,2026-04,34.33
4,Entertainment,2026-05,34.11
4,Entertainment,2026-06,41.69
4,Entertainment,2026-07,56.82
4,Entertainment,2026-08,4.99
4,Groceries,2026-03,237.73
4,Groceries,2026-04,148.4
4,Groceries,2026-05,126.96000000000001
4,Groceries,2026-06,251.24
4,Groceries,2026-07,430.18
4,Groceries,2026-08,316.63
4,Healthcare,2026-03,53.37
4,Healthcare,2026-06,61.79
4,Rent,2026-03,2409.33
4,Rent,2026-04,1500.2
4,Rent,2026-05,3284.5299999999997
4,Rent,2026-06,1033.4099999999999
4,Rent,2026-07,2326.58
4,Rent,2026-08,1464.49
4,Shopping,2026-03,335.3
4,Shopping,2026-04,326.07
4,Shopping,2026-05,309.58000000000004
4,Shopping,2026-06,173.76
4,Shopping,2026-07,565.45
4,Shopping,2026-08,289.93
4,Shopping,2026-09,12.95
4,Transport,2026-03,27.55
4,Transport,2026-04,67.63
4,Transport,2026-05,91.27
4,Transport,2026-06,106.3
4,Transport,2026-07,70.8
4,Transport,2026-08,158.67000000000002
4,Transport,2026-09,39.5
4,Travel,2026-03,606.05
4,Travel,2026-04,342.51
4,Travel,2026-08,1063.85
4,Utilities,2026-03,104.55000000000001
4,Utilities,2026-04,308.40999999999997
4,Utilities,2026-05,65.68
4,Utilities,2026-06,70.86
4,Utilities,2026-07,41.67
4,Utilities,2026-08,104.33
5,Dining,2026-03,153.85
5,Dining,2026-04,67.24000000000001
5,Dining,2026-05,176.57
5,Dining,2026-06,93.83
5,Dining,2026-07,138.87
5,Dining,2026-08,94.76
5,Entertainment,2026-03,101.81
5,Entertainment,2026-04,9.88
5,Entertainment,2026-05,30.21
5,Entertainment,2026-06,22.51
5,Entertainment,2026-07,12.94
5,Entertainment,2026-08,370.46000000000004
5,Groceries,2026-03,102.62
5,Groceries,2026-04,528.54
5,Groceries,2026-05,383.43
5,Groceries,2026-06,317.63
5,Groceries,2026-07,45.16
5,Groceries,2026-08,120.05
5,Healthcare,2026-04,70.31
5,Healthcare,2026-05,30.98
5,Healthcare,2026-07,128.73
5,Healthcare,2026-08,66.09
5,Rent,2026-03,2177.86
5,Rent,2026-04,9401.75
5,Rent,2026-05,1385.31
5,Rent,2026-06,1050.42
5,Rent,2026-07,1446.33
5,Rent,2026-08,1348.45
5,Shopping,2026-03,75.77
5,Shopping,2026-04,204.75
5,Shopping,2026-05,200.14
5,Shopping,2026-06,325.03
5,Shopping,2026-07,420.34000000000003
5,Shopping,2026-08,310.99
5,Transport,2026-03,147.34
5,Transport,2026-04,107.22
5,Transport,2026-05,41.17
5,Transport,2026-06,136.6
5,Transport,2026-07,21.44
5,Transport,2026-08,24.77
5,Travel,2026-03,313.11
5,Travel,2026-04,185.81
5,Travel,2026-05,679.58
5,Travel,2026-06,405.1
5,Travel,2026-07,1049.8799999999999
5,Travel,2026-08,488.79
5,Utilities,2026-03,151.54000000000002
5,Utilities,2026-04,192.55
5,Utilities,2026-05,122.78
5,Utilities,2026-06,154.29
5,Utilities,2026-07,171.7
5,Utilities,2026-08,251.4
6,Dining,2026-03,124.34
6,Dining,2026-04,182.04
6,Dining,2026-05,114.44
6,Dining,2026-06,164.12
6,Dining,2026-07,175.54000000000002
6,Dining,2026-08,110.7
6,Education,2026-03,8.84
6,Education,2026-05,169.8
6,Education,2026-06,26.21
6,Education,2026-07,62.89
6,Education,2026-08,95.11
6,Entertainment,2026-03,77.08
6,Entertainment,2026-04,51.29
6,Entertainment,2026-05,82.1
6,Entertainment,2026-06,92.2
6,Entertainment,2026-07,25.7
6,Entertainment,2026-08,14.98
6,Groceries,2026-03,247.14
6,Groceries,2026-04,170.71
6,Groceries,2026-05,425.49
6,Groceries,2026-06,115.35
6,Groceries,2026-07,289.1
6,Groceries,2026-08,437.78000000000003
6,Healthcare,2026-03,71.0
6,Healthcare,2026-04,90.62
6,Healthcare,2026-06,1.0
6,Healthcare,2026-07,458.6
6,Shopping,2026-03,287.77
6,Shopping,2026-04,169.07
6,Shopping,2026-05,154.57
6,Shopping,2026-06,310.61
6,Shopping,2026-07,37.06
6,Shopping,2026-08,177.97
6,Shopping,2026-09,13.97
6,Transport,2026-03,8.33
6,Transport,2026-04,252.48999999999998
6,Transport,2026-05,61.59
6,Transport,2026-06,23.92
6,Transport,2026-07,144.39
6,Transport,2026-08,84.23
6,Transport,2026-09,16.96
6,Utilities,2026-03,73.16
6,Utilities,2026-04,117.68
6,Utilities,2026-05,47.51
6,Utilities,2026-07,69.43
7,Dining,2026-03,244.97
7,Dining,2026-04,64.03999999999999
7,Dining,2026-05,231.0
7,Dining,2026-06,137.52
7,Dining,2026-07,264.12
7,Dining,2026-08,195.41
7,Education,2026-03,158.05
7,Education,2026-04,63.66
7,Education,2026-05,168.75
7,Education,2026-06,203.67
7,Education,2026-07,50.57
7,Education,2026-08,44.36
7,Entertainment,2026-03,98.44999999999999
7,Entertainment,2026-04,49.120000000000005
7,Entertainment,2026-05,83.76
7,Entertainment,2026-06,41.61
7,Entertainment,2026-07,92.86
7,Entertainment,2026-08,73.92
7,Groceries,2026-03,135.8
7,Groceries,2026-04,123.4
7,Groceries,2026-05,416.07
7,Groceries,2026-06,507.8
7,Groceries,2026-07,371.63
7,Groceries,2026-08,171.44
7,Healthcare,2026-03,41.31
7,Healthcare,2026-06,38.22
7,Shopping,2026-03,280.75
7,Shopping,2026-04,186.79
7,Shopping,2026-05,194.35
7,Shopping,2026-06,295.73
7,Shopping,2026-07,66.28
7,Shopping,2026-08,217.49
7,Transport,2026-03,113.26
7,Transport,2026-04,63.910000000000004
7,Transport,2026-05,47.53
7,Transport,2026-06,93.03999999999999
7,Transport,2026-07,54.19
7,Transport,2026-08,83.62
7,Transport,2026-09,2.61
7,Utilities,2026-03,47.43
7,Utilities,2026-04,152.65
7,Utilities,2026-05,53.61
8,Dining,2026-03,56.44
8,Dining,2026-04,77.09
8,Dining,2026-05,11.22
8,Dining,2026-07,119.75
8,Dining,2026-08,48.91
8,Education,2026-04,37.28
8,Education,2026-07,33.49
8,Education,2026-08,11.78
8,Groceries,2026-03,528.11
8,Groceries,2026-04,442.34
8,Groceries,2026-05,411.06
8,Groceries,2026-06,202.72
8,Groceries,2026-07,413.87
8,Groceries,2026-08,284.47
8,Healthcare,2026-03,207.85
8,Healthcare,2026-04,75.26
8,Healthcare,2026-05,73.04
8,Healthcare,2026-06,138.31
8,Healthcare,2026-07,7.33
8,Healthcare,2026-08,140.06
8,Rent,2026-03,2078.9
8,Rent,2026-04,2279.83
8,Rent,2026-05,1589.6100000000001
8,Rent,2026-06,4016.16
8,Rent,2026-07,891.4300000000001
8,Rent,2026-08,1678.56
8,Shopping,2026-03,119.46
8,Shopping,2026-05,224.8
8,Shopping,2026-06,341.3
8,Shopping,2026-07,577.26
8,Shopping,2026-08,409.3
8,Transport,2026-03,8.09
8,Transport,2026-04,16.759999999999998
8,Transport,2026-05,31.46
8,Transport,2026-06,1.0
8,Transport,2026-07,175.98000000000002
8,Utilities,2026-03,119.16
8,Utilities,2026-04,364.09000000000003
8,Utilities,2026-05,377.13
8,Utilities,2026-06,272.49
8,Utilities,2026-07,300.95
8,Utilities,2026-08,271.55
9,Dining,2026-03,121.21
9,Dining,2026-04,104.35
9,Dining,2026-05,155.82
9,Dining,2026-06,54.02
9,Dining,2026-07,45.209999999999994
9,Dining,2026-08,79.44
9,Dining,2026-09,37.14
9,Entertainment,2026-03,49.87
9,Entertainment,2026-04,47.96
9,Entertainment,2026-05,68.82
9,Entertainment,2026-06,58.72
9,Entertainment,2026-07,23.97
9,Entertainment,2026-08,67.99
9,Groceries,2026-03,253.46
9,Groceries,2026-04,138.92000000000002
9,Groceries,2026-05,95.5
9,Groceries,2026-06,99.76
9,Groceries,2026-07,176.93
9,Groceries,2026-08,69.71000000000001
9,Healthcare,2026-03,98.34
9,Healthcare,2026-04,1.0
9,Healthcare,2026-05,209.78
9,Healthcare,2026-06,52.17
9,Healthcare,2026-07,153.95
9,Healthcare,2026-08,47.64
9,Rent,2026-03,2389.92
9,Rent,2026-04,2849.9700000000003
9,Rent,2026-05,916.21
9,Rent,2026-06,3901.15
9,Rent,2026-07,2397.64
9,Rent,2026-08,1164.06
9,Shopping,2026-03,155.61
9,Shopping,2026-04,465.61
9,Shopping,2026-05,171.18
9,Shopping,2026-06,272.67
9,Shopping,2026-07,201.45
9,Shopping,2026-08,1009.0600000000001
9,Shopping,2026-09,1.0
9,Travel,2026-03,490.57
9,Travel,2026-04,1194.54
9,Travel,2026-05,2335.36
9,Travel,2026-06,1444.47
9,Travel,2026-07,1695.27
9,Travel,2026-08,1517.2
9,Utilities,2026-03,65.75
9,Utilities,2026-04,87.93
9,Utilities,2026-05,367.65999999999997
9,Utilities,2026-07,142.87
9,Utilities,2026-08,70.65
10,Dining,2026-03,146.63
10,Dining,2026-04,89.21000000000001
10,Dining,2026-05,78.55
10,Dining,2026-06,61.92
10,Dining,2026-07,97.02
10,Dining,2026-08,114.28
10,Entertainment,2026-03,84.25
10,Entertainment,2026-04,94.0
10,Entertainment,2026-05,31.490000000000002
10,Entertainment,2026-07,61.98
10,Entertainment,2026-08,29.04
10,Groceries,2026-03,204.70999999999998
10,Groceries,2026-04,124.53
10,Groceries,2026-05,35.1
10,Groceries,2026-06,174.09
10,Groceries,2026-07,163.01999999999998
10,Groceries,2026-08,179.94
10,Healthcare,2026-04,76.56
10,Healthcare,2026-05,37.25
10,Healthcare,2026-06,135.7
10,Healthcare,2026-07,228.37
10,Healthcare,2026-08,60.57
10,Rent,2026-03,1057.6999999999998
10,Rent,2026-04,2677.17
10,Rent,2026-05,1918.0900000000001
10,Rent,2026-06,3580.01
10,Rent,2026-07,2406.31
10,Rent,2026-08,2547.4300000000003
10,Shopping,2026-03,417.39
10,Shopping,2026-04,553.21
10,Shopping,2026-05,587.29
10,Shopping,2026-06,1025.24
10,Shopping,2026-07,502.53
10,Shopping,2026-08,110.22999999999999
10,Travel,2026-03,1821.63
10,Travel,2026-04,391.03000000000003
10,Travel,2026-05,2200.39
10,Travel,2026-06,2076.03
10,Travel,2026-07,3304.31
10,Travel,2026-08,2097.56
10,Utilities,2026-03,88.72
10,Utilities,2026-04,73.81
10,Utilities,2026-05,144.65
10,Utilities,2026-06,126.65
10,Utilities,2026-07,141.71
10,Utilities,2026-08,56.38
11,Dining,2026-03,111.09
11,Dining,2026-04,96.06
11,Dining,2026-05,23.14
11,Dining,2026-06,60.99
11,Dining,2026-07,37.56
11,Dining,2026-08,268.73
11,Education,2026-08,71.67
11,Groceries,2026-03,408.11
11,Groceries,2026-04,146.11
11,Groceries,2026-05,790.52
11,Groceries,2026-06,885.29
11,Groceries,2026-07,378.68
11,Groceries,2026-08,509.3
11,Healthcare,2026-03,100.31
11,Healthcare,2026-04,91.21000000000001
11,Healthcare,2026-05,91.99
11,Healthcare,2026-06,83.17
11,Healthcare,2026-07,22.32
11,Healthcare,2026-08,81.37
11,Rent,2026-03,2036.38
11,Rent,2026-04,1743.44
11,Rent,2026-05,1328.6100000000001
11,Rent,2026-06,3841.78
11,Rent,2026-07,1643.1100000000001
11,Rent,2026-08,3322.5299999999997
11,Rent,2026-09,672.03
11,Shopping,2026-03,432.63
11,Shopping,2026-04,470.48
11,Shopping,2026-05,263.9
11,Shopping,2026-06,373.56
11,Shopping,2026-07,245.58
11,Shopping,2026-08,255.32999999999998
11,Transport,2026-03,40.06
11,Transport,2026-04,18.98
11,Transport,2026-05,88.55
11,Transport,2026-06,3.49
11,Transport,2026-07,6.44
11,Utilities,2026-03,292.73
11,Utilities,2026-04,540.39
11,Utilities,2026-05,563.59
11,Utilities,2026-06,310.65
11,Utilities,2026-07,1017.5699999999999
11,Utilities,2026-08,298.58
12,Dining,2026-03,165.92
12,Dining,2026-04,138.5
12,Dining,2026-05,170.82999999999998
12,Dining,2026-06,131.01
12,Dining,2026-07,255.72
12,Dining,2026-08,153.21
12,Education,2026-03,144.26999999999998
12,Education,2026-04,5.94
12,Education,2026-05,35.23
12,Education,2026-06,33.22
12,Education,2026-07,69.66
12,Education,2026-08,16.66
12,Entertainment,2026-03,90.99000000000001
12,Entertainment,2026-04,62.29
12,Entertainment,2026-05,136.2
12,Entertainment,2026-06,110.89999999999999
12,Entertainment,2026-07,84.91
12,Entertainment,2026-08,97.55000000000001
12,Entertainment,2026-09,16.92
12,Groceries,2026-03,140.86
12,Groceries,2026-04,254.96
12,Groceries,2026-05,712.91
12,Groceries,2026-06,204.18
12,Groceries,2026-07,227.33
12,Groceries,2026-08,275.61
12,Groceries,2026-09,43.0
12,Healthcare,2026-03,22.09
12,Healthcare,2026-04,91.77000000000001
12,Healthcare,2026-05,25.66
12,Healthcare,2026-07,1.0
12,Healthcare,2026-08,18.96
12,Shopping,2026-03,327.92
12,Shopping,2026-04,212.85000000000002
12,Shopping,2026-05,92.9
12,Shopping,2026-06,201.95000000000002
12,Shopping,2026-07,211.79999999999998
12,Shopping,2026-08,209.45999999999998
12,Transport,2026-03,58.39
12,Transport,2026-04,94.59
12,Transport,2026-05,33.71
12,Transport,2026-06,56.75
12,Transport,2026-07,93.33
12,Transport,2026-08,163.85000000000002
12,Utilities,2026-03,74.54
12,Utilities,2026-05,131.2
12,Utilities,2026-06,46.96
13,Dining,2026-03,146.81
13,Dining,2026-04,28.119999999999997
13,Dining,2026-05,34.18
13,Dining,2026-06,116.41
13,Dining,2026-07,164.82999999999998
13,Dining,2026-08,107.39
13,Entertainment,2026-03,9.43
13,Entertainment,2026-04,70.75
13,Entertainment,2026-05,20.63
13,Entertainment,2026-06,79.78999999999999
13,Entertainment,2026-07,78.3
13,Entertainment,2026-08,36.66
13,Entertainment,2026-09,13.4
13,Groceries,2026-03,135.28
13,Groceries,2026-04,218.4
13,Groceries,2026-05,84.03
13,Groceries,2026-06,26.57
13,Groceries,2026-07,201.76999999999998
13,Groceries,2026-08,165.51
13,Healthcare,2026-03,94.7
13,Healthcare,2026-05,45.08
13,Healthcare,2026-07,77.81
13,Healthcare,2026-08,225.67000000000002
13,Rent,2026-03,1725.48
13,Rent,2026-04,1001.0600000000001
13,Rent,2026-05,3651.9700000000003
13,Rent,2026-06,5175.35
13,Rent,2026-07,2840.5
13,Rent,2026-08,1559.11
13,Shopping,2026-03,143.58
13,Shopping,2026-04,438.02
13,Shopping,2026-05,210.64
13,Shopping,2026-06,416.19
13,Shopping,2026-07,1279.46
13,Shopping,2026-08,440.57
13,Shopping,2026-09,43.8
13,Travel,2026-03,1673.69
13,Travel,2026-04,2165.51
13,Travel,2026-05,1910.0
13,Travel,2026-06,1487.97
13,Travel,2026-07,701.3299999999999
13,Travel,2026-08,750.45
13,Utilities,2026-03,121.25
13,Utilities,2026-04,73.81
13,Utilities,2026-05,184.28
13,Utilities,2026-06,40.52
13,Utilities,2026-07,78.45
13,Utilities,2026-08,107.21000000000001
14,Dining,2026-03,109.46
14,Dining,2026-04,268.94
14,Dining,2026-05,128.67
14,Dining,2026-06,188.67000000000002
14,Dining,2026-07,136.18
14,Dining,2026-08,100.33
14,Entertainment,2026-04,16.57
14,Entertainment,2026-05,30.41
14,Entertainment,2026-06,109.44
14,Entertainment,2026-07,26.73
14,Entertainment,2026-08,100.50999999999999
14,Groceries,2026-03,298.84
14,Groceries,2026-04,212.75
14,Groceries,2026-05,141.89
14,Groceries,2026-06,71.73
14,Groceries,2026-07,97.33
14,Groceries,2026-08,159.65
14,Healthcare,2026-04,113.6
14,Healthcare,2026-05,47.9
14,Healthcare,2026-06,33.6
14,Healthcare,2026-08,9.47
14,Rent,2026-03,3268.74
14,Rent,2026-04,2505.37
14,Rent,2026-05,3708.2
14,Rent,2026-07,2236.7200000000003
14,Rent,2026-08,1204.69
14,Rent,2026-09,421.24
14,Shopping,2026-03,177.70999999999998
14,Shopping,2026-04,347.03
14,Shopping,2026-05,522.28
14,Shopping,2026-06,239.88
14,Shopping,2026-07,164.05
14,Shopping,2026-08,262.05
14,Shopping,2026-09,13.21
14,Transport,2026-03,71.1
14,Transport,2026-04,155.82
14,Transport,2026-05,111.14
14,Transport,2026-06,103.0
14,Transport,2026-07,78.46000000000001
14,Transport,2026-08,12.57
14,Travel,2026-03,161.34
14,Travel,2026-04,623.37
14,Travel,2026-05,356.61
14,Travel,2026-06,47.47
14,Travel,2026-08,499.63
14,Utilities,2026-03,503.88
14,Utilities,2026-04,197.93
14,Utilities,2026-05,196.75
14,Utilities,2026-06,687.98
14,Utilities,2026-07,121.8
14,Utilities,2026-08,311.08
15,Dining,2026-03,148.82
15,Dining,2026-04,142.61
15,Dining,2026-05,98.92
15,Dining,2026-06,192.33
15,Dining,2026-07,136.39
15,Dining,2026-08,197.31
15,Entertainment,2026-03,74.09
15,Entertainment,2026-04,41.230000000000004
15,Entertainment,2026-05,22.880000000000003
15,Entertainment,2026-07,19.11
15,Entertainment,2026-08,37.940000000000005
15,Groceries,2026-03,211.76
15,Groceries,2026-04,309.15999999999997
15,Groceries,2026-05,255.2
15,Groceries,2026-06,128.43
15,Groceries,2026-07,305.19
15,Groceries,2026-08,170.04
15,Healthcare,2026-04,65.15
15,Healthcare,2026-05,43.84
15,Healthcare,2026-06,23.0
15,Healthcare,2026-07,26.56
15,Rent,2026-03,1510.7
15,Rent,2026-04,1573.44
15,Rent,2026-05,2851.75
15,Rent,2026-06,8589.550000000001
15,Rent,2026-07,2726.42
15,Rent,2026-08,2908.09
15,Rent,2026-09,667.81
15,Shopping,2026-03,375.73
15,Shopping,2026-04,552.8299999999999
15,Shopping,2026-05,197.3
15,Shopping,2026-06,628.39
15,Shopping,2026-07,403.53
15,Shopping,2026-08,291.35
15,Shopping,2026-09,57.64
15,Transport,2026-03,85.50999999999999
15,Transport,2026-04,51.75
15,Transport,2026-05,84.6
15,Transport,2026-06,99.57
15,Transport,2026-07,179.27
15,Transport,2026-08,90.17999999999999
15,Travel,2026-03,963.87
15,Travel,2026-04,471.19
15,Travel,2026-05,252.66
15,Travel,2026-06,874.27
15,Travel,2026-07,629.3299999999999
15,Travel,2026-08,578.5
15,Utilities,2026-03,256.03999999999996
15,Utilities,2026-04,106.68
15,Utilities,2026-05,228.12
15,Utilities,2026-06,126.17999999999999
15,Utilities,2026-07,103.56
15,Utilities,2026-08,364.46
16,Dining,2026-03,48.42
16,Dining,2026-04,47.17
16,Dining,2026-05,89.09
16,Dining,2026-06,21.15
16,Dining,2026-07,220.55
16,Dining,2026-08,74.04
16,Entertainment,2026-03,127.83
16,Entertainment,2026-04,40.48
16,Entertainment,2026-05,92.39
16,Entertainment,2026-06,56.14
16,Entertainment,2026-07,61.54
16,Entertainment,2026-08,117.34
16,Groceries,2026-03,270.98
16,Groceries,2026-04,271.88
16,Groceries,2026-05,172.04
16,Groceries,2026-06,60.37
16,Groceries,2026-07,119.27
16,Groceries,2026-08,169.24
16,Groceries,2026-09,45.61
16,Healthcare,2026-03,157.92000000000002
16,Healthcare,2026-04,186.56
16,Healthcare,2026-05,81.81
16,Healthcare,2026-06,258.63
16,Healthcare,2026-08,35.54
16,Rent,2026-03,4542.82
16,Rent,2026-04,3408.66
16,Rent,2026-05,4439.0
16,Rent,2026-06,4031.23
16,Rent,2026-07,1910.29
16,Rent,2026-08,1490.67
16,Shopping,2026-03,362.7
16,Shopping,2026-04,677.06
16,Shopping,2026-05,461.22
16,Shopping,2026-06,315.15000000000003
16,Shopping,2026-07,510.42
16,Shopping,2026-08,575.03
16,Travel,2026-03,476.93
16,Travel,2026-04,2180.58
16,Travel,2026-05,1976.58
16,Travel,2026-06,3991.55
16,Travel,2026-07,3078.8
16,Travel,2026-08,828.3199999999999
16,Utilities,2026-03,198.71
16,Utilities,2026-04,79.18
16,Utilities,2026-05,169.57
16,Utilities,2026-06,126.22
16,Utilities,2026-07,59.82
16,Utilities,2026-08,64.9
17,Dining,2026-03,126.47999999999999
17,Dining,2026-04,166.66
17,Dining,2026-05,123.76
17,Dining,2026-06,61.019999999999996
17,Dining,2026-07,98.91
17,Dining,2026-08,159.47
17,Dining,2026-09,33.55
17,Entertainment,2026-03,27.509999999999998
17,Entertainment,2026-04,34.28
17,Entertainment,2026-05,78.15
17,Entertainment,2026-06,34.14
17,Entertainment,2026-07,95.06
17,Entertainment,2026-08,62.4
17,Groceries,2026-03,4.12
17,Groceries,2026-04,305.48
17,Groceries,2026-05,126.5
17,Groceries,2026-06,367.71
17,Groceries,2026-07,191.55
17,Groceries,2026-08,157.49
17,Healthcare,2026-04,247.14
17,Healthcare,2026-05,8.66
17,Healthcare,2026-06,10.46
17,Healthcare,2026-07,20.32
17,Healthcare,2026-08,1.54
17,Rent,2026-03,2373.85
17,Rent,2026-04,3412.71
17,Rent,2026-05,1884.9099999999999
17,Rent,2026-06,3217.55
17,Rent,2026-07,3673.55
17,Rent,2026-08,1616.5
17,Shopping,2026-03,427.65999999999997
17,Shopping,2026-04,499.21
17,Shopping,2026-05,256.63
17,Shopping,2026-06,291.62
17,Shopping,2026-07,374.04
17,Shopping,2026-08,247.9
17,Travel,2026-03,2455.53
17,Travel,2026-04,1991.6
17,Travel,2026-05,1676.45
17,Travel,2026-06,1863.59
17,Travel,2026-07,1377.57
17,Travel,2026-08,3244.12
17,Utilities,2026-03,119.00999999999999
17,Utilities,2026-04,154.51
17,Utilities,2026-05,130.64
17,Utilities,2026-06,74.23
17,Utilities,2026-07,219.77
17,Utilities,2026-08,72.91
18,Dining,2026-03,100.95
18,Dining,2026-04,122.88
18,Dining,2026-05,180.45
18,Dining,2026-06,97.77000000000001
18,Dining,2026-07,81.17
18,Dining,2026-08,201.19
18,Entertainment,2026-03,23.1
18,Entertainment,2026-04,128.27
18,Entertainment,2026-05,14.04
18,Entertainment,2026-06,60.92
18,Entertainment,2026-07,35.71
18,Entertainment,2026-08,99.86
18,Groceries,2026-03,332.29
18,Groceries,2026-04,95.62
18,Groceries,2026-05,65.28
18,Groceries,2026-06,171.32
18,Groceries,2026-07,252.97
18,Groceries,2026-08,148.14999999999998
18,Healthcare,2026-03,66.25
18,Healthcare,2026-04,305.08
18,Healthcare,2026-06,84.65
18,Rent,2026-03,565.05
18,Rent,2026-04,3025.4
18,Rent,2026-05,5932.66
18,Rent,2026-06,1457.9099999999999
18,Rent,2026-07,3511.8
18,Rent,2026-08,2385.6800000000003
18,Shopping,2026-03,139.05
18,Shopping,2026-04,542.27
18,Shopping,2026-06,377.59000000000003
18,Shopping,2026-07,637.38
18,Shopping,2026-08,712.16
18,Transport,2026-03,9.26
18,Transport,2026-04,91.59
18,Transport,2026-05,99.68
18,Transport,2026-06,68.81
18,Transport,2026-07,49.38
18,Transport,2026-08,40.65
18,Travel,2026-03,315.51
18,Travel,2026-05,551.51
18,Travel,2026-07,264.18
18,Travel,2026-08,435.97
18,Utilities,2026-03,171.09
18,Utilities,2026-04,219.13
18,Utilities,2026-06,111.36000000000001
18,Utilities,2026-07,64.33
18,Utilities,2026-08,81.52
19,Dining,2026-03,30.6
19,Dining,2026-04,1.0
19,Dining,2026-05,84.32
19,Dining,2026-06,86.62
19,Dining,2026-08,63.050000000000004
19,Education,2026-05,52.15
19,Education,2026-06,66.92
19,Education,2026-07,6.48
19,Education,2026-08,12.16
19,Groceries,2026-03,857.96
19,Groceries,2026-04,276.02
19,Groceries,2026-05,376.88
19,Groceries,2026-06,517.67
19,Groceries,2026-07,345.88
19,Groceries,2026-08,1499.78
19,Healthcare,2026-04,88.86999999999999
19,Healthcare,2026-05,163.67000000000002
19,Healthcare,2026-06,142.18
19,Healthcare,2026-07,136.58
19,Healthcare,2026-08,139.34
19,Rent,2026-03,3582.09
19,Rent,2026-04,570.69
19,Rent,2026-05,2499.0299999999997
19,Rent,2026-06,4425.93
19,Rent,2026-07,4232.7
19,Rent,2026-08,2713.75
19,Shopping,2026-03,126.27000000000001
19,Shopping,2026-04,438.89
19,Shopping,2026-05,105.74000000000001
19,Shopping,2026-06,264.97
19,Shopping,2026-07,171.66
19,Shopping,2026-08,337.48
19,Transport,2026-03,38.92
19,Transport,2026-04,51.18
19,Transport,2026-05,25.32
19,Transport,2026-06,5.43
19,Transport,2026-07,31.69
19,Transport,2026-08,37.730000000000004
19,Utilities,2026-03,263.75
19,Utilities,2026-04,925.15
19,Utilities,2026-05,828.28
19,Utilities,2026-06,265.91
19,Utilities,2026-07,129.89
19,Utilities,2026-08,215.14
20,Dining,2026-03,109.42
20,Dining,2026-04,97.92999999999999
20,Dining,2026-05,157.7
20,Dining,2026-06,95.28999999999999
20,Dining,2026-07,139.21
20,Dining,2026-08,65.46000000000001
20,Dining,2026-09,44.84
20,Entertainment,2026-03,22.55
20,Entertainment,2026-04,81.46
20,Entertainment,2026-05,20.2
20,Entertainment,2026-06,75.28999999999999
20,Entertainment,2026-07,22.630000000000003
20,Entertainment,2026-08,79.27
20,Groceries,2026-03,208.96
20,Groceries,2026-04,402.1
20,Groceries,2026-05,57.48
20,Groceries,2026-06,221.97
20,Groceries,2026-07,164.94
20,Groceries,2026-08,252.03
20,Healthcare,2026-05,34.14
20,Healthcare,2026-06,122.0
20,Healthcare,2026-08,63.04
20,Rent,2026-03,1968.11
20,Rent,2026-04,3048.3199999999997
20,Rent,2026-05,4467.88
20,Rent,2026-06,2228.27
20,Rent,2026-07,2443.5
20,Rent,2026-08,1747.73
20,Shopping,2026-03,607.72
20,Shopping,2026-04,255.89
20,Shopping,2026-05,178.74
20,Shopping,2026-06,293.27
20,Shopping,2026-07,251.35999999999999
20,Shopping,2026-08,329.14
20,Transport,2026-03,27.79
20,Transport,2026-04,92.38
20,Transport,2026-05,232.5
20,Transport,2026-06,37.4
20,Transport,2026-07,100.97
20,Transport,2026-08,92.87
20,Travel,2026-03,699.17
20,Travel,2026-04,572.56
20,Travel,2026-05,280.28
20,Travel,2026-07,1125.37
20,Travel,2026-08,1037.16
20,Travel,2026-09,40.0
20,Utilities,2026-03,104.89000000000001
20,Utilities,2026-05,74.27
20,Utilities,2026-06,108.64
20,Utilities,2026-07,611.33
20,Utilities,2026-08,330.54
21,Dining,2026-03,70.45
21,Dining,2026-04,76.56
21,Dining,2026-05,137.03
21,Dining,2026-06,20.11
21,Dining,2026-07,77.77
21,Dining,2026-08,26.92
21,Education,2026-03,52.66
21,Education,2026-04,100.62
21,Education,2026-07,39.61
21,Groceries,2026-03,361.32
21,Groceries,2026-04,323.16
21,Groceries,2026-05,602.65
21,Groceries,2026-06,452.69
21,Groceries,2026-07,501.6
21,Groceries,2026-08,560.23
21,Groceries,2026-09,53.9
21,Healthcare,2026-03,72.81
21,Healthcare,2026-04,110.39
21,Healthcare,2026-05,142.76
21,Healthcare,2026-06,218.48
21,Healthcare,2026-07,53.01
21,Healthcare,2026-08,134.65
21,Rent,2026-03,2123.71
21,Rent,2026-04,2424.09
21,Rent,2026-05,4919.65
21,Rent,2026-06,4504.3
21,Rent,2026-07,1479.98
21,Rent,2026-08,3696.2200000000003
21,Shopping,2026-03,428.2
21,Shopping,2026-04,285.32
21,Shopping,2026-05,1103.88
21,Shopping,2026-06,263.38
21,Shopping,2026-07,574.75
21,Shopping,2026-08,263.6
21,Transport,2026-03,28.79
21,Transport,2026-05,43.26
21,Transport,2026-06,1.49
21,Transport,2026-07,5.83
21,Transport,2026-08,201.73
21,Utilities,2026-03,555.24
21,Utilities,2026-04,179.48
21,Utilities,2026-05,795.5
21,Utilities,2026-06,253.85000000000002
21,Utilities,2026-07,413.57
21,Utilities,2026-08,738.3299999999999
22,Dining,2026-03,55.25
22,Dining,2026-04,134.56
22,Dining,2026-05,38.22
22,Dining,2026-06,153.85
22,Dining,2026-07,87.75999999999999
22,Dining,2026-08,143.38
22,Entertainment,2026-03,34.629999999999995
22,Entertainment,2026-04,81.15
22,Entertainment,2026-05,68.85
22,Entertainment,2026-06,40.599999999999994
22,Entertainment,2026-07,46.06
22,Entertainment,2026-08,51.11
22,Groceries,2026-03,121.85
22,Groceries,2026-04,342.75
22,Groceries,2026-05,175.73000000000002
22,Groceries,2026-06,187.79
22,Groceries,2026-07,55.64
22,Groceries,2026-08,261.4
22,Healthcare,2026-03,192.46
22,Healthcare,2026-04,52.24
22,Healthcare,2026-05,3.12
22,Healthcare,2026-06,108.67
22,Healthcare,2026-07,120.17999999999999
22,Healthcare,2026-08,43.83
22,Rent,2026-03,1378.78
22,Rent,2026-04,1002.26
22,Rent,2026-05,2049.73
22,Rent,2026-06,3367.41
22,Rent,2026-07,4226.610000000001
22,Rent,2026-08,1961.96
22,Shopping,2026-03,424.25
22,Shopping,2026-04,358.96000000000004
22,Shopping,2026-05,606.12
22,Shopping,2026-06,660.34
22,Shopping,2026-07,1316.11
22,Shopping,2026-08,201.57
22,Travel,2026-03,1494.66
22,Travel,2026-04,2491.11
22,Travel,2026-05,3260.93
22,Travel,2026-06,1819.1399999999999
22,Travel,2026-07,1614.54
22,Travel,2026-08,1851.41
22,Utilities,2026-05,60.69
22,Utilities,2026-07,161.7
23,Dining,2026-03,47.61
23,Dining,2026-04,151.12
23,Dining,2026-05,55.86
23,Dining,2026-06,44.620000000000005
23,Dining,2026-07,118.5
23,Dining,2026-08,22.61
23,Entertainment,2026-03,359.66999999999996
23,Entertainment,2026-04,64.05
23,Entertainment,2026-05,33.16
23,Entertainment,2026-06,54.78
23,Entertainment,2026-07,59.78
23,Entertainment,2026-08,33.53
23,Groceries,2026-03,121.99
23,Groceries,2026-05,300.48
23,Groceries,2026-06,107.04
23,Groceries,2026-07,188.75
23,Groceries,2026-08,180.06
23,Healthcare,2026-03,61.96
23,Healthcare,2026-04,154.76
23,Healthcare,2026-05,87.55
23,Healthcare,2026-06,30.27
23,Healthcare,2026-07,47.86
23,Healthcare,2026-08,1.0
23,Rent,2026-03,1480.93
23,Rent,2026-04,1981.17
23,Rent,2026-05,1058.84
23,Rent,2026-06,1664.3
23,Rent,2026-07,3063.04
23,Rent,2026-08,4065.38
23,Shopping,2026-03,855.51
23,Shopping,2026-04,452.03999999999996
23,Shopping,2026-05,520.05
23,Shopping,2026-06,353.27
23,Shopping,2026-07,469.82
23,Shopping,2026-08,352.18
23,Travel,2026-03,1798.74
23,Travel,2026-04,1198.5900000000001
23,Travel,2026-05,2112.35
23,Travel,2026-06,1668.88
23,Travel,2026-07,1236.95
23,Travel,2026-08,1335.23
23,Utilities,2026-03,67.93
23,Utilities,2026-04,404.91999999999996
23,Utilities,2026-05,41.95
23,Utilities,2026-06,187.47
23,Utilities,2026-07,2.12
23,Utilities,2026-08,145.33
24,Dining,2026-03,241.0
24,Dining,2026-04,83.07
24,Dining,2026-05,182.58
24,Dining,2026-06,171.58
24,Dining,2026-07,167.89
24,Dining,2026-08,55.04
24,Education,2026-03,61.0
24,Education,2026-04,1.0
24,Education,2026-05,137.49
24,Education,2026-06,51.39
24,Education,2026-07,277.69
24,Education,2026-08,59.0
24,Entertainment,2026-03,48.69
24,Entertainment,2026-04,56.23
24,Entertainment,2026-05,133.69
24,Entertainment,2026-06,147.74
24,Entertainment,2026-07,82.36
24,Entertainment,2026-08,80.68
24,Groceries,2026-03,268.68
24,Groceries,2026-04,199.1
24,Groceries,2026-05,27.89
24,Groceries,2026-06,322.15
24,Groceries,2026-07,294.87
24,Groceries,2026-08,158.72
24,Healthcare,2026-03,91.47
24,Healthcare,2026-04,20.38
24,Healthcare,2026-07,69.94
24,Shopping,2026-03,112.18
24,Shopping,2026-04,120.63
24,Shopping,2026-05,326.38
24,Shopping,2026-07,300.12
24,Shopping,2026-08,297.64
24,Transport,2026-03,63.84
24,Transport,2026-04,14.11
24,Transport,2026-05,53.33
24,Transport,2026-06,34.72
24,Transport,2026-07,109.85
24,Transport,2026-08,125.82000000000001
24,Utilities,2026-03,39.59
24,Utilities,2026-04,32.88
24,Utilities,2026-05,53.33
24,Utilities,2026-06,232.97
24,Utilities,2026-07,84.35
25,Dining,2026-03,56.830000000000005
25,Dining,2026-04,62.0
25,Dining,2026-05,130.59
25,Dining,2026-06,59.91
25,Dining,2026-07,2.01
25,Education,2026-06,20.47
25,Groceries,2026-03,187.54
25,Groceries,2026-04,770.75
25,Groceries,2026-05,402.98
25,Groceries,2026-06,437.05
25,Groceries,2026-07,963.46
25,Groceries,2026-08,494.01
25,Groceries,2026-09,43.79
25,Healthcare,2026-03,170.47
25,Healthcare,2026-04,247.49
25,Healthcare,2026-05,187.45
25,Healthcare,2026-06,77.78
25,Healthcare,2026-07,203.34
25,Healthcare,2026-08,257.31
25,Rent,2026-03,852.72
25,Rent,2026-04,1984.83
25,Rent,2026-05,2740.4
25,Rent,2026-06,2392.02
25,Rent,2026-07,2532.29
25,Rent,2026-08,1782.38
25,Shopping,2026-03,144.01
25,Shopping,2026-04,558.63
25,Shopping,2026-05,389.1
25,Shopping,2026-06,567.5799999999999
25,Shopping,2026-07,391.82
25,Shopping,2026-08,394.03000000000003
25,Transport,2026-03,43.730000000000004
25,Transport,2026-04,14.25
25,Transport,2026-05,16.89
25,Transport,2026-06,17.01
25,Transport,2026-07,30.25
25,Transport,2026-08,24.18
25,Transport,2026-09,24.92
25,Utilities,2026-03,395.15
25,Utilities,2026-04,196.23000000000002
25,Utilities,2026-05,261.32
25,Utilities,2026-06,197.26
25,Utilities,2026-07,253.48000000000002
25,Utilities,2026-08,237.57
26,Dining,2026-03,97.27
26,Dining,2026-04,72.15
26,Dining,2026-05,282.69
26,Dining,2026-06,146.66
26,Dining,2026-07,6.75
26,Dining,2026-08,109.91
26,Entertainment,2026-04,77.1
26,Entertainment,2026-05,67.62
26,Entertainment,2026-06,151.83
26,Entertainment,2026-07,85.38
26,Entertainment,2026-08,85.75
26,Entertainment,2026-09,8.12
26,Groceries,2026-03,114.35
26,Groceries,2026-04,75.44999999999999
26,Groceries,2026-05,82.74000000000001
26,Groceries,2026-06,178.43
26,Groceries,2026-07,127.94
26,Groceries,2026-08,102.06
26,Healthcare,2026-03,79.35
26,Healthcare,2026-04,24.76
26,Healthcare,2026-05,14.34
26,Healthcare,2026-06,48.2
26,Healthcare,2026-07,90.25999999999999
26,Healthcare,2026-08,41.39
26,Rent,2026-03,2363.66
26,Rent,2026-04,2515.1400000000003
26,Rent,2026-05,1559.42
26,Rent,2026-06,4069.84
26,Rent,2026-07,1036.04
26,Rent,2026-08,2127.45
26,Shopping,2026-03,324.23
26,Shopping,2026-04,352.05
26,Shopping,2026-05,465.31
26,Shopping,2026-06,345.03
26,Shopping,2026-07,484.14
26,Shopping,2026-08,1292.03
26,Shopping,2026-09,47.22
26,Travel,2026-03,767.98
26,Travel,2026-04,514.14
26,Travel,2026-05,2336.65
26,Travel,2026-06,1675.79
26,Travel,2026-07,1073.22
26,Travel,2026-08,743.83
26,Travel,2026-09,406.04
26,Utilities,2026-03,78.64
26,Utilities,2026-04,90.7
26,Utilities,2026-05,69.06
26,Utilities,2026-07,97.53
26,Utilities,2026-08,64.4
27,Dining,2026-03,193.85999999999999
27,Dining,2026-04,111.15
27,Dining,2026-05,216.26
27,Dining,2026-06,137.6
27,Dining,2026-07,139.23000000000002
27,Dining,2026-08,135.46
27,Dining,2026-09,22.45
27,Education,2026-03,68.52
27,Education,2026-04,76.95
27,Education,2026-05,82.7
27,Education,2026-06,329.61
27,Education,2026-07,122.36
27,Education,2026-08,94.72
27,Entertainment,2026-03,68.91
27,Entertainment,2026-04,135.34
27,Entertainment,2026-05,99.15
27,Entertainment,2026-06,159.65
27,Entertainment,2026-07,20.36
27,Entertainment,2026-08,54.06
27,Groceries,2026-03,420.64
27,Groceries,2026-04,172.01999999999998
27,Groceries,2026-05,242.57
27,Groceries,2026-06,273.52
27,Groceries,2026-07,298.21999999999997
27,Groceries,2026-08,370.45
27,Groceries,2026-09,49.31
27,Healthcare,2026-04,36.54
27,Healthcare,2026-08,47.67
27,Shopping,2026-03,231.93
27,Shopping,2026-04,50.92
27,Shopping,2026-05,369.79
27,Shopping,2026-06,258.63
27,Shopping,2026-07,155.44
27,Shopping,2026-08,186.76
27,Transport,2026-03,269.38
27,Transport,2026-04,283.34
27,Transport,2026-05,45.75
27,Transport,2026-06,28.06
27,Transport,2026-07,4.01
27,Transport,2026-08,25.270000000000003
27,Utilities,2026-03,36.57
27,Utilities,2026-04,58.22
27,Utilities,2026-05,77.65
27,Utilities,2026-06,52.18
27,Utilities,2026-07,580.46
27,Utilities,2026-08,166.03
28,Dining,2026-03,65.42999999999999
28,Dining,2026-04,190.04
28,Dining,2026-05,80.47
28,Dining,2026-06,159.3
28,Dining,2026-07,68.67
28,Dining,2026-08,82.3
28,Dining,2026-09,27.7
28,Entertainment,2026-03,69.08
28,Entertainment,2026-04,23.12
28,Entertainment,2026-05,158.79000000000002
28,Entertainment,2026-06,107.47
28,Entertainment,2026-08,91.66
28,Groceries,2026-03,205.25
28,Groceries,2026-04,234.95999999999998
28,Groceries,2026-05,347.51
28,Groceries,2026-06,181.47
28,Groceries,2026-07,254.74
28,Groceries,2026-08,324.11
28,Healthcare,2026-03,56.5
28,Healthcare,2026-04,53.79
28,Healthcare,2026-05,93.88
28,Healthcare,2026-06,35.77
28,Healthcare,2026-07,141.46
28,Healthcare,2026-08,71.48
28,Rent,2026-03,2855.7200000000003
28,Rent,2026-04,1557.13
28,Rent,2026-05,2562.0
28,Rent,2026-06,6924.740000000001
28,Rent,2026-07,3647.99
28,Rent,2026-08,2028.91
28,Shopping,2026-03,258.92
28,Shopping,2026-04,184.42000000000002
28,Shopping,2026-05,410.15999999999997
28,Shopping,2026-06,251.68
28,Shopping,2026-07,497.37
28,Shopping,2026-08,153.41
28,Transport,2026-03,106.15
28,Transport,2026-04,37.76
28,Transport,2026-05,53.73
28,Transport,2026-06,28.89
28,Transport,2026-07,36.57
28,Transport,2026-08,109.6
28,Travel,2026-03,152.99
28,Travel,2026-04,612.88
28,Travel,2026-05,581.03
28,Travel,2026-06,1053.99
28,Travel,2026-07,949.1199999999999
28,Travel,2026-08,172.83
28,Utilities,2026-03,66.38
28,Utilities,2026-04,444.86
28,Utilities,2026-05,179.66
28,Utilities,2026-06,242.21
28,Utilities,2026-08,132.14
29,Dining,2026-03,151.29
29,Dining,2026-04,99.42999999999999
29,Dining,2026-05,46.4
29,Dining,2026-06,138.77
29,Dining,2026-07,7.64
29,Dining,2026-08,80.34
29,Entertainment,2026-03,26.32
29,Entertainment,2026-04,51.76
29,Entertainment,2026-05,51.24
29,Entertainment,2026-06,133.3
29,Entertainment,2026-07,85.75
29,Entertainment,2026-08,7.29
29,Groceries,2026-03,191.08
29,Groceries,2026-04,48.43
29,Groceries,2026-05,209.95
29,Groceries,2026-06,116.96000000000001
29,Groceries,2026-07,271.92
29,Groceries,2026-08,244.22
29,Healthcare,2026-03,106.13
29,Healthcare,2026-04,164.84
29,Healthcare,2026-05,71.66
29,Healthcare,2026-06,10.42
29,Healthcare,2026-07,14.41
29,Healthcare,2026-08,45.1
29,Rent,2026-03,1439.01
29,Rent,2026-04,2836.9700000000003
29,Rent,2026-05,2569.91
29,Rent,2026-06,2550.27
29,Rent,2026-07,1039.16
29,Rent,2026-08,3790.04
29,Shopping,2026-03,312.12
29,Shopping,2026-04,106.39
29,Shopping,2026-05,1148.69
29,Shopping,2026-06,295.52
29,Shopping,2026-07,458.48
29,Shopping,2026-08,673.03
29,Travel,2026-03,2931.06
29,Travel,2026-04,1151.27
29,Travel,2026-05,1197.37
29,Travel,2026-06,3156.44
29,Travel,2026-07,876.34
29,Travel,2026-08,1321.6
29,Travel,2026-09,1607.37
29,Utilities,2026-03,166.24
29,Utilities,2026-05,248.09
29,Utilities,2026-06,147.29
29,Utilities,2026-08,176.52
29,Utilities,2026-09,97.12
30,Dining,2026-03,39.87
30,Dining,2026-04,41.89
30,Dining,2026-05,18.689999999999998
30,Dining,2026-06,9.49
30,Dining,2026-07,61.66
30,Dining,2026-08,41.25
30,Education,2026-03,77.95
30,Education,2026-07,18.73
30,Education,2026-08,166.76
30,Groceries,2026-03,558.57
30,Groceries,2026-04,331.48
30,Groceries,2026-05,521.12
30,Groceries,2026-06,291.27
30,Groceries,2026-07,776.98
30,Groceries,2026-08,502.85
30,Healthcare,2026-03,146.01
30,Healthcare,2026-04,46.03
30,Healthcare,2026-05,110.53
30,Healthcare,2026-06,35.79
30,Healthcare,2026-07,146.92000000000002
30,Healthcare,2026-08,192.98
30,Rent,2026-03,3203.5
30,Rent,2026-04,2502.4300000000003
30,Rent,2026-05,2641.01
30,Rent,2026-06,1801.94
30,Rent,2026-07,3033.9
30,Rent,2026-08,2013.07
30,Rent,2026-09,594.92
30,Shopping,2026-03,54.24
30,Shopping,2026-04,411.46000000000004
30,Shopping,2026-05,850.22
30,Shopping,2026-06,315.62
30,Shopping,2026-07,520.31
30,Shopping,2026-08,139.8
30,Transport,2026-04,52.269999999999996
30,Transport,2026-05,24.96
30,Transport,2026-06,23.51
30,Transport,2026-07,13.89
30,Transport,2026-08,9.58
30,Utilities,2026-03,250.29
30,Utilities,2026-04,851.69
30,Utilities,2026-05,336.21
30,Utilities,2026-06,326.13
30,Utilities,2026-07,203.97
30,Utilities,2026-08,461.37
31,Dining,2026-03,81.68
31,Dining,2026-04,134.01
31,Dining,2026-05,48.46
31,Dining,2026-06,85.25
31,Dining,2026-07,85.67
31,Dining,2026-08,64.31
31,Entertainment,2026-03,58.54
31,Entertainment,2026-04,33.2
31,Entertainment,2026-05,44.120000000000005
31,Entertainment,2026-06,62.75
31,Entertainment,2026-07,140.11
31,Entertainment,2026-08,111.25
31,Groceries,2026-03,140.3
31,Groceries,2026-04,245.12
31,Groceries,2026-05,284.5
31,Groceries,2026-06,119.4
31,Groceries,2026-07,187.34
31,Groceries,2026-08,121.41
31,Healthcare,2026-03,1.0
31,Healthcare,2026-04,57.31
31,Healthcare,2026-05,100.02
31,Healthcare,2026-06,26.27
31,Healthcare,2026-08,6.8
31,Rent,2026-03,2573.09
31,Rent,2026-04,3073.83
31,Rent,2026-05,4569.42
31,Rent,2026-06,1186.1
31,Rent,2026-07,2187.39
31,Rent,2026-08,4280.79
31,Shopping,2026-03,487.21000000000004
31,Shopping,2026-04,275.45
31,Shopping,2026-05,243.32999999999998
31,Shopping,2026-06,498.65
31,Shopping,2026-07,454.27
31,Shopping,2026-08,517.93
31,Travel,2026-03,1009.99
31,Travel,2026-04,1590.73
31,Travel,2026-05,4988.65
31,Travel,2026-06,1486.71
31,Travel,2026-07,1361.74
31,Travel,2026-08,849.0
31,Utilities,2026-03,81.77
31,Utilities,2026-05,34.75
31,Utilities,2026-06,77.85
31,Utilities,2026-07,82.19
31,Utilities,2026-08,67.38
32,Dining,2026-03,92.73
32,Dining,2026-04,219.14000000000001
32,Dining,2026-05,81.05000000000001
32,Dining,2026-06,55.980000000000004
32,Dining,2026-07,57.650000000000006
32,Dining,2026-08,299.44
32,Entertainment,2026-03,16.88
32,Entertainment,2026-04,67.66
32,Entertainment,2026-05,105.68
32,Entertainment,2026-06,37.3
32,Entertainment,2026-07,26.43
32,Entertainment,2026-08,21.6
32,Groceries,2026-03,103.62
32,Groceries,2026-04,242.32
32,Groceries,2026-05,86.17
32,Groceries,2026-06,261.2
32,Groceries,2026-07,172.86
32,Groceries,2026-08,175.25
32,Healthcare,2026-06,149.57999999999998
32,Healthcare,2026-08,61.45
32,Rent,2026-03,2476.05
32,Rent,2026-04,2578.75
32,Rent,2026-05,3940.14
32,Rent,2026-06,1075.4699999999998
32,Rent,2026-07,2063.14
32,Rent,2026-08,471.2
32,Shopping,2026-03,187.05
32,Shopping,2026-04,380.29
32,Shopping,2026-05,485.45
32,Shopping,2026-06,373.75
32,Shopping,2026-07,217.7
32,Shopping,2026-08,536.1
32,Transport,2026-03,66.35
32,Transport,2026-04,266.22
32,Transport,2026-05,42.629999999999995
32,Transport,2026-06,96.87
32,Transport,2026-07,47.68
32,Transport,2026-08,70.59
32,Travel,2026-04,337.52
32,Travel,2026-05,1.0
32,Travel,2026-06,407.19
32,Travel,2026-07,602.88
32,Travel,2026-08,180.87
32,Utilities,2026-03,231.06
32,Utilities,2026-04,238.87
32,Utilities,2026-05,162.72
32,Utilities,2026-06,235.91000000000003
32,Utilities,2026-07,83.24000000000001
32,Utilities,2026-08,193.44
32,Utilities,2026-09,76.25
33,Dining,2026-03,98.74
33,Dining,2026-04,134.56
33,Dining,2026-05,49.85
33,Dining,2026-06,62.36
33,Dining,2026-07,63.68
33,Dining,2026-08,101.08
33,Entertainment,2026-03,40.51
33,Entertainment,2026-04,66.64
33,Entertainment,2026-05,42.54
33,Entertainment,2026-07,19.0
33,Groceries,2026-03,126.54
33,Groceries,2026-04,162.06
33,Groceries,2026-05,135.86
33,Groceries,2026-06,244.63
33,Groceries,2026-07,170.62
33,Groceries,2026-08,154.76
33,Healthcare,2026-04,76.9
33,Healthcare,2026-05,90.58
33,Healthcare,2026-06,85.83
33,Healthcare,2026-07,126.33
33,Healthcare,2026-08,28.34
33,Rent,2026-03,964.27
33,Rent,2026-04,1884.24
33,Rent,2026-05,2606.52
33,Rent,2026-06,1328.58
33,Rent,2026-07,1954.85
33,Rent,2026-08,2431.5299999999997
33,Shopping,2026-03,525.91
33,Shopping,2026-04,961.21
33,Shopping,2026-05,558.14
33,Shopping,2026-06,52.66
33,Shopping,2026-07,181.38
33,Shopping,2026-08,262.66
33,Travel,2026-03,1324.57
33,Travel,2026-04,2989.06
33,Travel,2026-05,1957.27
33,Travel,2026-06,942.82
33,Travel,2026-07,531.87
33,Travel,2026-08,2041.06
33,Utilities,2026-03,113.57
33,Utilities,2026-04,88.54
33,Utilities,2026-05,65.59
33,Utilities,2026-07,68.77
33,Utilities,2026-08,36.16
34,Dining,2026-03,109.56
34,Dining,2026-04,105.21
34,Dining,2026-05,72.68
34,Dining,2026-06,386.61
34,Dining,2026-07,229.19
34,Dining,2026-08,85.26
34,Dining,2026-09,36.83
34,Education,2026-03,153.74
34,Education,2026-05,193.5
34,Education,2026-06,226.45999999999998
34,Education,2026-07,44.47
34,Education,2026-08,286.84000000000003
34,Entertainment,2026-03,114.39
34,Entertainment,2026-04,45.489999999999995
34,Entertainment,2026-05,17.1
34,Entertainment,2026-06,71.32
34,Entertainment,2026-07,119.21000000000001
34,Entertainment,2026-08,141.49
34,Groceries,2026-03,303.11
34,Groceries,2026-04,341.08
34,Groceries,2026-05,107.62
34,Groceries,2026-06,343.7
34,Groceries,2026-07,368.87
34,Groceries,2026-08,145.99
34,Healthcare,2026-03,40.8
34,Healthcare,2026-04,105.7
34,Healthcare,2026-08,23.14
34,Shopping,2026-03,45.44
34,Shopping,2026-04,437.92
34,Shopping,2026-05,186.2
34,Shopping,2026-06,18.09
34,Shopping,2026-07,297.49
34,Shopping,2026-08,372.66
34,Transport,2026-03,3.18
34,Transport,2026-04,54.62
34,Transport,2026-05,22.11
34,Transport,2026-06,107.13
34,Transport,2026-07,89.25999999999999
34,Transport,2026-08,61.589999999999996
34,Utilities,2026-03,60.24
34,Utilities,2026-05,166.31
34,Utilities,2026-06,324.32
34,Utilities,2026-07,92.46
34,Utilities,2026-08,125.34
35,Dining,2026-03,106.05000000000001
35,Dining,2026-04,104.66
35,Dining,2026-05,146.15
35,Dining,2026-06,67.22
35,Dining,2026-07,111.28
35,Dining,2026-08,180.3
35,Entertainment,2026-03,49.519999999999996
35,Entertainment,2026-05,144.03
35,Entertainment,2026-06,62.59
35,Entertainment,2026-07,13.32
35,Entertainment,2026-08,71.83
35,Groceries,2026-03,49.83
35,Groceries,2026-04,103.03
35,Groceries,2026-05,482.16999999999996
35,Groceries,2026-06,225.07999999999998
35,Groceries,2026-07,140.31
35,Groceries,2026-08,144.27
35,Healthcare,2026-03,83.39
35,Healthcare,2026-05,54.53
35,Healthcare,2026-06,48.15
35,Healthcare,2026-07,72.58
35,Rent,2026-03,1930.6899999999998
35,Rent,2026-04,2551.74
35,Rent,2026-05,4995.16
35,Rent,2026-06,3217.32
35,Rent,2026-07,3038.38
35,Rent,2026-08,2356.05
35,Shopping,2026-03,225.86999999999998
35,Shopping,2026-04,110.82
35,Shopping,2026-05,1449.62
35,Shopping,2026-06,563.88
35,Shopping,2026-07,106.69
35,Shopping,2026-08,307.93
35,Shopping,2026-09,72.81
35,Travel,2026-03,1696.5900000000001
35,Travel,2026-04,1515.63
35,Travel,2026-05,1583.43
35,Travel,2026-06,315.48
35,Travel,2026-07,1710.77
35,Travel,2026-08,1559.31
35,Utilities,2026-03,110.80000000000001
35,Utilities,2026-04,26.92
35,Utilities,2026-05,300.09000000000003
35,Utilities,2026-06,205.0
35,Utilities,2026-07,47.81
35,Utilities,2026-08,125.04
36,Dining,2026-03,137.35
36,Dining,2026-04,163.04
36,Dining,2026-05,121.32
36,Dining,2026-06,171.97
36,Dining,2026-07,195.36
36,Dining,2026-08,57.94
36,Entertainment,2026-03,42.7
36,Entertainment,2026-04,117.08
36,Entertainment,2026-05,68.25
36,Entertainment,2026-06,49.56999999999999
36,Entertainment,2026-07,17.86
36,Entertainment,2026-08,90.25999999999999
36,Groceries,2026-03,301.84
36,Groceries,2026-04,175.32
36,Groceries,2026-05,224.70000000000002
36,Groceries,2026-06,198.84
36,Groceries,2026-07,160.45
36,Groceries,2026-08,283.45
36,Healthcare,2026-05,35.13
36,Healthcare,2026-06,28.41
36,Healthcare,2026-07,8.38
36,Rent,2026-03,1232.35
36,Rent,2026-04,1830.08
36,Rent,2026-05,1728.4099999999999
36,Rent,2026-06,2033.3
36,Rent,2026-07,3065.79
36,Rent,2026-08,494.74
36,Shopping,2026-03,449.3
36,Shopping,2026-04,278.73
36,Shopping,2026-05,323.45
36,Shopping,2026-06,184.16
36,Shopping,2026-07,189.28
36,Shopping,2026-08,193.37
36,Transport,2026-03,194.14
36,Transport,2026-04,101.21
36,Transport,2026-05,115.19
36,Transport,2026-06,86.63
36,Transport,2026-07,39.21
36,Transport,2026-08,95.04
36,Travel,2026-03,503.78
36,Travel,2026-04,228.45
36,Travel,2026-05,998.1899999999999
36,Travel,2026-06,908.39
36,Travel,2026-08,319.33
36,Utilities,2026-03,91.38
36,Utilities,2026-04,138.24
36,Utilities,2026-05,17.9
36,Utilities,2026-06,67.3
36,Utilities,2026-07,38.35
36,Utilities,2026-08,50.6
37,Dining,2026-04,113.53
37,Dining,2026-05,136.07999999999998
37,Dining,2026-06,16.55
37,Dining,2026-07,128.12
37,Dining,2026-08,151.77
37,Entertainment,2026-03,14.06
37,Entertainment,2026-04,71.08
37,Entertainment,2026-05,50.42
37,Entertainment,2026-06,30.94
37,Entertainment,2026-07,36.730000000000004
37,Entertainment,2026-08,1.0
37,Groceries,2026-03,185.29000000000002
37,Groceries,2026-04,55.0
37,Groceries,2026-05,165.04
37,Groceries,2026-06,65.63
37,Groceries,2026-07,58.1
37,Groceries,2026-08,189.76
37,Healthcare,2026-03,58.89
37,Healthcare,2026-04,88.12
37,Healthcare,2026-06,19.71
37,Healthcare,2026-07,62.11
37,Healthcare,2026-08,125.58
37,Rent,2026-03,4036.55
37,Rent,2026-04,2980.08
37,Rent,2026-05,2728.36
37,Rent,2026-06,1160.56
37,Rent,2026-07,3873.67
37,Rent,2026-08,2510.0699999999997
37,Shopping,2026-03,742.1899999999999
37,Shopping,2026-04,497.41
37,Shopping,2026-05,233.76999999999998
37,Shopping,2026-06,299.39
37,Shopping,2026-07,373.88
37,Shopping,2026-08,464.79
37,Travel,2026-03,528.28
37,Travel,2026-04,1859.82
37,Travel,2026-05,1365.47
37,Travel,2026-06,1043.19
37,Travel,2026-07,1349.01
37,Travel,2026-08,1774.19
37,Travel,2026-09,295.19
37,Utilities,2026-03,73.65
37,Utilities,2026-04,202.8
37,Utilities,2026-05,161.51
37,Utilities,2026-06,124.21
37,Utilities,2026-07,69.06
37,Utilities,2026-08,190.23
38,Dining,2026-03,14.28
38,Dining,2026-04,33.49
38,Dining,2026-05,92.53999999999999
38,Dining,2026-06,115.62
38,Dining,2026-07,48.33
38,Dining,2026-08,137.15
38,Entertainment,2026-03,27.65
38,Entertainment,2026-04,98.21
38,Entertainment,2026-05,29.41
38,Entertainment,2026-06,11.72
38,Entertainment,2026-07,128.36
38,Entertainment,2026-08,12.77
38,Groceries,2026-03,200.99
38,Groceries,2026-04,232.62
38,Groceries,2026-05,317.19
38,Groceries,2026-06,64.32
38,Groceries,2026-07,84.48
38,Groceries,2026-08,269.07
38,Healthcare,2026-04,99.31
38,Healthcare,2026-05,50.93
38,Healthcare,2026-08,103.63
38,Rent,2026-03,2605.85
38,Rent,2026-04,4981.38
38,Rent,2026-05,5938.84
38,Rent,2026-06,4828.17
38,Rent,2026-07,4754.45
38,Rent,2026-08,2161.85
38,Rent,2026-09,386.8
38,Shopping,2026-03,314.6
38,Shopping,2026-04,747.97
38,Shopping,2026-05,656.11
38,Shopping,2026-06,268.32
38,Shopping,2026-07,181.44
38,Shopping,2026-08,475.76
38,Shopping,2026-09,26.83
38,Travel,2026-03,2002.15
38,Travel,2026-04,1781.38
38,Travel,2026-05,570.4
38,Travel,2026-06,749.23
38,Travel,2026-07,1678.83
38,Travel,2026-08,1790.31
38,Utilities,2026-03,88.27
38,Utilities,2026-04,73.43
38,Utilities,2026-06,129.14
38,Utilities,2026-07,39.6
39,Dining,2026-03,64.74000000000001
39,Dining,2026-04,93.26
39,Dining,2026-05,97.33
39,Dining,2026-06,39.010000000000005
39,Dining,2026-07,151.56
39,Dining,2026-08,181.63
39,Entertainment,2026-03,69.50999999999999
39,Entertainment,2026-04,47.730000000000004
39,Entertainment,2026-05,73.15
39,Entertainment,2026-06,36.94
39,Entertainment,2026-07,84.14999999999999
39,Entertainment,2026-08,11.03
39,Groceries,2026-03,247.14000000000001
39,Groceries,2026-04,201.24
39,Groceries,2026-05,26.46
39,Groceries,2026-06,60.48
39,Groceries,2026-07,45.76
39,Groceries,2026-08,249.58
39,Healthcare,2026-04,177.95
39,Healthcare,2026-05,20.0
39,Healthcare,2026-06,150.06
39,Healthcare,2026-08,11.33
39,Rent,2026-03,4005.08
39,Rent,2026-04,853.53
39,Rent,2026-05,3167.2599999999998
39,Rent,2026-06,2175.74
39,Rent,2026-07,2517.81
39,Rent,2026-08,3537.9700000000003
39,Rent,2026-09,581.69
39,Shopping,2026-03,717.09
39,Shopping,2026-04,316.89
39,Shopping,2026-05,371.04
39,Shopping,2026-06,416.89
39,Shopping,2026-07,285.63
39,Shopping,2026-08,197.29
39,Travel,2026-03,1013.9100000000001
39,Travel,2026-04,3285.41
39,Travel,2026-05,1959.22
39,Travel,2026-06,256.72
39,Travel,2026-07,852.21
39,Travel,2026-08,2107.96
39,Utilities,2026-03,104.64
39,Utilities,2026-04,290.98
39,Utilities,2026-05,151.62
39,Utilities,2026-06,81.59
39,Utilities,2026-07,109.68
40,Dining,2026-03,159.48
40,Dining,2026-04,173.4
40,Dining,2026-05,73.03
40,Dining,2026-06,87.18
40,Dining,2026-07,165.22
40,Dining,2026-08,53.3
40,Entertainment,2026-03,25.560000000000002
40,Entertainment,2026-04,87.33
40,Entertainment,2026-05,51.61
40,Entertainment,2026-06,76.64
40,Entertainment,2026-07,58.71
40,Entertainment,2026-08,54.62
40,Groceries,2026-03,160.31
40,Groceries,2026-04,177.56
40,Groceries,2026-05,322.73
40,Groceries,2026-06,209.34
40,Groceries,2026-07,192.23
40,Groceries,2026-08,126.44
40,Healthcare,2026-05,110.16
40,Healthcare,2026-06,41.31
40,Healthcare,2026-08,22.79
40,Rent,2026-03,2479.13
40,Rent,2026-05,524.44
40,Rent,2026-06,3042.42
40,Rent,2026-07,3072.13
40,Rent,2026-08,376.9
40,Shopping,2026-03,364.03
40,Shopping,2026-04,432.76
40,Shopping,2026-05,255.57999999999998
40,Shopping,2026-06,240.74
40,Shopping,2026-07,439.32
40,Shopping,2026-08,229.85
40,Transport,2026-03,73.32000000000001
40,Transport,2026-04,79.81
40,Transport,2026-05,38.7
40,Transport,2026-06,110.71
40,Transport,2026-07,109.89
40,Transport,2026-08,11.71
40,Travel,2026-04,256.62
40,Travel,2026-05,153.12
40,Travel,2026-06,235.37
40,Travel,2026-07,356.22
40,Travel,2026-08,431.71000000000004
40,Utilities,2026-03,215.45
40,Utilities,2026-04,71.04
40,Utilities,2026-05,188.26
40,Utilities,2026-06,63.29
40,Utilities,2026-07,86.46
40,Utilities,2026-08,301.76
40,Utilities,2026-09,67.91
41,Dining,2026-03,146.48000000000002
41,Dining,2026-04,185.95
41,Dining,2026-05,123.14
41,Dining,2026-06,113.19
41,Dining,2026-07,207.65
41,Dining,2026-08,69.71
41,Entertainment,2026-03,36.85
41,Entertainment,2026-04,46.12
41,Entertainment,2026-05,51.36
41,Entertainment,2026-06,45.92
41,Entertainment,2026-07,18.72
41,Entertainment,2026-08,16.38
41,Groceries,2026-03,73.21000000000001
41,Groceries,2026-04,153.14
41,Groceries,2026-05,142.83
41,Groceries,2026-06,111.18
41,Groceries,2026-07,327.33
41,Groceries,2026-08,187.57
41,Healthcare,2026-04,13.44
41,Healthcare,2026-06,1.91
41,Rent,2026-03,1039.8899999999999
41,Rent,2026-04,3366.07
41,Rent,2026-05,1106.7
41,Rent,2026-06,2485.5
41,Rent,2026-07,6075.62
41,Rent,2026-08,1855.22
41,Shopping,2026-03,331.81
41,Shopping,2026-04,357.7
41,Shopping,2026-05,570.89
41,Shopping,2026-06,380.75
41,Shopping,2026-07,555.79
41,Shopping,2026-08,229.14
41,Transport,2026-03,72.62
41,Transport,2026-04,60.82
41,Transport,2026-05,69.28999999999999
41,Transport,2026-06,30.12
41,Transport,2026-07,87.21
41,Transport,2026-08,104.66
41,Travel,2026-03,384.04
41,Travel,2026-06,288.05
41,Travel,2026-07,370.31
41,Travel,2026-08,937.29
41,Utilities,2026-05,193.56
41,Utilities,2026-06,218.32
41,Utilities,2026-07,228.9
41,Utilities,2026-08,252.01999999999998
42,Dining,2026-03,42.53
42,Dining,2026-04,220.36
42,Dining,2026-05,234.32
42,Dining,2026-06,124.53
42,Dining,2026-07,141.41
42,Dining,2026-08,58.01
42,Dining,2026-09,14.35
42,Entertainment,2026-03,59.08
42,Entertainment,2026-04,108.29
42,Entertainment,2026-05,47.19
42,Entertainment,2026-06,173.48
42,Entertainment,2026-07,38.099999999999994
42,Entertainment,2026-08,71.22
42,Groceries,2026-03,159.23
42,Groceries,2026-04,14.8
42,Groceries,2026-05,92.07
42,Groceries,2026-06,73.41
42,Groceries,2026-07,149.87
42,Groceries,2026-08,130.19
42,Groceries,2026-09,22.68
42,Healthcare,2026-03,12.01
42,Healthcare,2026-05,68.47
42,Healthcare,2026-06,37.92
42,Healthcare,2026-07,55.12
42,Healthcare,2026-08,19.63
42,Rent,2026-03,1665.94
42,Rent,2026-04,3102.91
42,Rent,2026-05,5837.27
42,Rent,2026-06,6871.62
42,Rent,2026-07,2439.34
42,Rent,2026-08,3265.39
42,Shopping,2026-03,637.74
42,Shopping,2026-04,221.02
42,Shopping,2026-05,158.63000000000002
42,Shopping,2026-06,289.52
42,Shopping,2026-07,371.36
42,Shopping,2026-08,740.62
42,Travel,2026-03,1579.31
42,Travel,2026-04,1412.44
42,Travel,2026-05,613.1500000000001
42,Travel,2026-06,1324.67
42,Travel,2026-07,1682.04
42,Travel,2026-08,2497.99
42,Utilities,2026-03,105.25
42,Utilities,2026-04,76.27
42,Utilities,2026-05,225.78
42,Utilities,2026-06,62.69
42,Utilities,2026-07,58.99
42,Utilities,2026-08,253.55
43,Dining,2026-03,148.72
43,Dining,2026-04,108.13
43,Dining,2026-05,137.12
43,Dining,2026-06,142.69
43,Dining,2026-07,79.66
43,Dining,2026-08,245.74
43,Entertainment,2026-03,67.66
43,Entertainment,2026-05,85.6
43,Entertainment,2026-06,32.63
43,Entertainment,2026-07,71.50999999999999
43,Entertainment,2026-08,84.95
43,Entertainment,2026-09,18.41
43,Groceries,2026-03,145.76
43,Groceries,2026-04,175.60999999999999
43,Groceries,2026-05,433.25
43,Groceries,2026-06,285.06
43,Groceries,2026-07,167.68
43,Groceries,2026-08,364.68
43,Healthcare,2026-06,72.5
43,Healthcare,2026-07,104.02
43,Healthcare,2026-08,73.44999999999999
43,Rent,2026-03,588.78
43,Rent,2026-04,1749.06
43,Rent,2026-05,1914.31
43,Rent,2026-06,1783.27
43,Rent,2026-07,2452.54
43,Rent,2026-08,2290.66
43,Shopping,2026-03,307.49
43,Shopping,2026-04,261.83
43,Shopping,2026-05,71.49000000000001
43,Shopping,2026-06,414.58
43,Shopping,2026-07,435.64
43,Shopping,2026-08,450.18
43,Transport,2026-03,16.880000000000003
43,Transport,2026-04,44.86
43,Transport,2026-05,116.42999999999999
43,Transport,2026-06,130.72
43,Transport,2026-07,19.03
43,Transport,2026-08,104.22999999999999
43,Travel,2026-03,784.45
43,Travel,2026-04,207.23
43,Travel,2026-06,644.1899999999999
43,Travel,2026-07,213.6
43,Travel,2026-08,259.88
43,Utilities,2026-03,262.0
43,Utilities,2026-04,356.08
43,Utilities,2026-05,158.08999999999997
43,Utilities,2026-06,144.97
43,Utilities,2026-07,60.49
43,Utilities,2026-08,84.23
44,Dining,2026-03,48.11
44,Dining,2026-04,75.36
44,Dining,2026-05,107.7
44,Dining,2026-06,135.82999999999998
44,Dining,2026-07,117.65
44,Dining,2026-08,105.66
44,Entertainment,2026-03,25.22
44,Entertainment,2026-04,44.519999999999996
44,Entertainment,2026-05,47.620000000000005
44,Entertainment,2026-06,51.99
44,Entertainment,2026-07,30.95
44,Entertainment,2026-08,142.52
44,Groceries,2026-03,681.12
44,Groceries,2026-04,87.94
44,Groceries,2026-05,196.35
44,Groceries,2026-06,62.480000000000004
44,Groceries,2026-07,445.33
44,Groceries,2026-08,295.35
44,Groceries,2026-09,45.07
44,Healthcare,2026-03,61.74
44,Healthcare,2026-06,23.87
44,Healthcare,2026-07,75.19
44,Healthcare,2026-08,101.28
44,Rent,2026-03,943.95
44,Rent,2026-04,1778.2399999999998
44,Rent,2026-05,1165.01
44,Rent,2026-06,1558.49
44,Rent,2026-07,2232.75
44,Rent,2026-08,953.24
44,Shopping,2026-03,380.78
44,Shopping,2026-04,341.95
44,Shopping,2026-05,166.73
44,Shopping,2026-06,193.39
44,Shopping,2026-07,173.47
44,Shopping,2026-08,348.92
44,Transport,2026-03,40.05
44,Transport,2026-04,60.53
44,Transport,2026-05,282.39000000000004
44,Transport,2026-06,48.61
44,Transport,2026-07,89.22
44,Transport,2026-08,106.78999999999999
44,Travel,2026-04,801.53
44,Travel,2026-05,329.23
44,Utilities,2026-03,183.7
44,Utilities,2026-04,156.64999999999998
44,Utilities,2026-05,127.98
44,Utilities,2026-06,155.57
44,Utilities,2026-07,347.29999999999995
44,Utilities,2026-08,120.75999999999999
45,Dining,2026-03,71.28
45,Dining,2026-04,133.65
45,Dining,2026-05,141.67
45,Dining,2026-06,130.04
45,Dining,2026-07,82.97
45,Dining,2026-08,142.02
45,Entertainment,2026-03,43.76
45,Entertainment,2026-04,80.08
45,Entertainment,2026-05,110.66
45,Entertainment,2026-06,67.71000000000001
45,Entertainment,2026-07,125.08
45,Entertainment,2026-08,100.56
45,Groceries,2026-03,257.26
45,Groceries,2026-04,464.05
45,Groceries,2026-05,217.41
45,Groceries,2026-06,290.42
45,Groceries,2026-07,203.35
45,Groceries,2026-08,224.14
45,Healthcare,2026-05,116.63
45,Healthcare,2026-07,54.63
45,Healthcare,2026-08,35.25
45,Rent,2026-03,2229.5
45,Rent,2026-04,3590.25
45,Rent,2026-05,1172.49
45,Rent,2026-06,528.37
45,Rent,2026-07,2407.53
45,Rent,2026-08,1280.46
45,Shopping,2026-03,500.49
45,Shopping,2026-04,192.47
45,Shopping,2026-05,311.54999999999995
45,Shopping,2026-06,222.06
45,Shopping,2026-07,377.64
45,Shopping,2026-08,309.72
45,Transport,2026-03,179.88
45,Transport,2026-04,41.44
45,Transport,2026-05,38.79
45,Transport,2026-06,108.17999999999999
45,Transport,2026-07,83.53
45,Transport,2026-08,57.849999999999994
45,Travel,2026-05,184.0
45,Travel,2026-06,55.04
45,Travel,2026-08,87.34
45,Travel,2026-09,307.24
45,Utilities,2026-03,277.62
45,Utilities,2026-04,66.36
45,Utilities,2026-05,254.31
45,Utilities,2026-06,429.48
45,Utilities,2026-07,888.64
45,Utilities,2026-08,154.83
45,Utilities,2026-09,78.82
46,Dining,2026-03,147.08
46,Dining,2026-04,558.28
46,Dining,2026-05,148.74
46,Dining,2026-06,72.39
46,Dining,2026-07,159.03
46,Dining,2026-08,111.29
46,Education,2026-03,92.42
46,Education,2026-04,50.45
46,Education,2026-05,142.29000000000002
46,Education,2026-06,136.57
46,Education,2026-07,57.85
46,Education,2026-08,219.79
46,Entertainment,2026-03,90.35
46,Entertainment,2026-04,72.11
46,Entertainment,2026-05,238.59
46,Entertainment,2026-06,43.82
46,Entertainment,2026-07,97.61999999999999
46,Entertainment,2026-08,135.88
46,Entertainment,2026-09,1.0
46,Groceries,2026-03,154.03
46,Groceries,2026-04,461.07
46,Groceries,2026-05,512.96
46,Groceries,2026-06,214.17000000000002
46,Groceries,2026-07,312.66
46,Groceries,2026-08,320.17
46,Healthcare,2026-03,37.81
46,Healthcare,2026-05,91.37
46,Healthcare,2026-06,33.66
46,Healthcare,2026-07,29.08
46,Shopping,2026-03,166.94
46,Shopping,2026-04,169.08
46,Shopping,2026-05,172.6
46,Shopping,2026-06,398.8
46,Shopping,2026-07,154.6
46,Shopping,2026-08,114.84
46,Transport,2026-03,9.17
46,Transport,2026-04,71.45
46,Transport,2026-05,58.12
46,Transport,2026-06,102.46000000000001
46,Transport,2026-07,105.87
46,Transport,2026-08,73.42999999999999
46,Utilities,2026-03,6.53
46,Utilities,2026-06,94.34
46,Utilities,2026-07,83.28
46,Utilities,2026-08,155.94
47,Dining,2026-03,91.37
47,Dining,2026-04,24.310000000000002
47,Dining,2026-05,87.5
47,Dining,2026-06,129.99
47,Dining,2026-07,32.980000000000004
47,Dining,2026-08,143.27
47,Entertainment,2026-04,42.69
47,Entertainment,2026-05,64.53999999999999
47,Entertainment,2026-06,33.47
47,Entertainment,2026-07,145.52
47,Entertainment,2026-08,16.45
47,Entertainment,2026-09,7.82
47,Groceries,2026-03,159.45
47,Groceries,2026-04,282.34
47,Groceries,2026-05,166.77
47,Groceries,2026-06,121.43
47,Groceries,2026-07,214.48000000000002
47,Groceries,2026-08,137.65
47,Healthcare,2026-03,54.24
47,Healthcare,2026-04,110.78
47,Healthcare,2026-05,42.89
47,Healthcare,2026-06,41.66
47,Healthcare,2026-07,109.24
47,Healthcare,2026-08,10.47
47,Rent,2026-03,2040.4499999999998
47,Rent,2026-04,4583.03
47,Rent,2026-05,4396.33
47,Rent,2026-06,2342.1
47,Rent,2026-07,2486.2
47,Rent,2026-08,3821.87
47,Rent,2026-09,592.24
47,Shopping,2026-03,154.88
47,Shopping,2026-04,633.9
47,Shopping,2026-05,335.24
47,Shopping,2026-06,288.54
47,Shopping,2026-07,233.38
47,Shopping,2026-08,483.93
47,Shopping,2026-09,74.33
47,Travel,2026-03,2104.5
47,Travel,2026-04,5783.379999999999
47,Travel,2026-05,1358.69
47,Travel,2026-06,1253.53
47,Travel,2026-07,2166.17
47,Travel,2026-08,1888.34
47,Utilities,2026-03,52.1
47,Utilities,2026-04,203.17000000000002
47,Utilities,2026-05,303.40999999999997
47,Utilities,2026-06,151.69
47,Utilities,2026-07,145.57999999999998
48,Dining,2026-03,145.53
48,Dining,2026-04,107.64
48,Dining,2026-05,47.97
48,Dining,2026-06,114.76
48,Dining,2026-07,70.17
48,Dining,2026-08,157.97
48,Entertainment,2026-03,107.14
48,Entertainment,2026-04,62.46
48,Entertainment,2026-05,41.26
48,Entertainment,2026-06,72.33000000000001
48,Entertainment,2026-07,29.509999999999998
48,Entertainment,2026-08,78.69
48,Entertainment,2026-09,22.02
48,Groceries,2026-03,174.62
48,Groceries,2026-04,54.2
48,Groceries,2026-05,110.74
48,Groceries,2026-06,81.81
48,Groceries,2026-07,314.99
48,Groceries,2026-08,152.91
48,Healthcare,2026-03,55.48
48,Healthcare,2026-04,22.48
48,Healthcare,2026-05,19.62
48,Healthcare,2026-06,96.67
48,Healthcare,2026-07,1.0
48,Healthcare,2026-08,173.7
48,Rent,2026-03,1615.1
48,Rent,2026-04,6201.0199999999995
48,Rent,2026-05,3160.61
48,Rent,2026-06,345.59
48,Rent,2026-07,4134.01
48,Rent,2026-08,1116.23
48,Shopping,2026-03,551.15
48,Shopping,2026-04,611.9399999999999
48,Shopping,2026-05,522.95
48,Shopping,2026-06,270.5
48,Shopping,2026-07,755.69
48,Shopping,2026-08,339.83000000000004
48,Travel,2026-03,1138.2
48,Travel,2026-04,1370.54
48,Travel,2026-05,1576.67
48,Travel,2026-06,1228.04
48,Travel,2026-07,1818.16
48,Travel,2026-08,3934.66
48,Travel,2026-09,168.73
48,Utilities,2026-03,36.63
48,Utilities,2026-04,114.74000000000001
48,Utilities,2026-05,96.39
48,Utilities,2026-06,194.54000000000002
48,Utilities,2026-07,50.87
48,Utilities,2026-08,259.65
49,Dining,2026-03,109.62
49,Dining,2026-04,166.66
49,Dining,2026-05,195.84
49,Dining,2026-06,242.98
49,Dining,2026-07,241.45999999999998
49,Dining,2026-08,137.07
49,Entertainment,2026-03,38.06
49,Entertainment,2026-04,86.07
49,Entertainment,2026-06,14.73
49,Entertainment,2026-07,26.15
49,Entertainment,2026-08,99.22
49,Groceries,2026-03,187.14000000000001
49,Groceries,2026-04,261.29
49,Groceries,2026-05,239.4
49,Groceries,2026-06,70.05
49,Groceries,2026-07,271.4
49,Groceries,2026-08,155.43
49,Healthcare,2026-08,53.39
49,Rent,2026-03,2165.6499999999996
49,Rent,2026-04,3293.15
49,Rent,2026-05,830.22
49,Rent,2026-06,2020.1000000000001
49,Rent,2026-07,4034.86
49,Rent,2026-08,4812.64
49,Shopping,2026-03,266.9
49,Shopping,2026-04,215.69
49,Shopping,2026-05,461.81
49,Shopping,2026-06,98.33
49,Shopping,2026-07,169.15
49,Shopping,2026-08,162.01999999999998
49,Transport,2026-03,63.57
49,Transport,2026-04,36.27
49,Transport,2026-05,68.76
49,Transport,2026-06,53.3
49,Transport,2026-07,45.08
49,Transport,2026-08,92.27
49,Transport,2026-09,12.86
49,Travel,2026-03,394.47
49,Travel,2026-05,773.38
49,Travel,2026-07,727.3900000000001
49,Travel,2026-08,77.7
49,Utilities,2026-03,83.57
49,Utilities,2026-04,158.29
49,Utilities,2026-05,376.11
49,Utilities,2026-06,131.36
49,Utilities,2026-07,135.34
49,Utilities,2026-08,266.19
50,Dining,2026-03,55.82
50,Dining,2026-04,107.86
50,Dining,2026-05,72.88
50,Dining,2026-06,26.03
50,Dining,2026-07,176.4
50,Dining,2026-08,142.69
50,Entertainment,2026-03,48.48
50,Entertainment,2026-04,91.91
50,Entertainment,2026-05,61.980000000000004
50,Entertainment,2026-06,46.769999999999996
50,Entertainment,2026-07,14.42
50,Entertainment,2026-08,32.22
50,Groceries,2026-03,66.19
50,Groceries,2026-04,47.87
50,Groceries,2026-05,154.12
50,Groceries,2026-06,168.37
50,Groceries,2026-07,169.15
50,Groceries,2026-08,221.53
50,Healthcare,2026-03,1.0
50,Healthcare,2026-05,57.97
50,Healthcare,2026-06,57.39
50,Healthcare,2026-07,58.46
50,Healthcare,2026-08,9.87
50,Rent,2026-03,473.82
50,Rent,2026-04,2139.34
50,Rent,2026-05,3322.61
50,Rent,2026-06,2833.45
50,Rent,2026-07,3330.42
50,Rent,2026-08,1892.92
50,Rent,2026-09,441.64
50,Shopping,2026-03,480.06
50,Shopping,2026-04,486.4
50,Shopping,2026-05,312.16
50,Shopping,2026-06,354.89
50,Shopping,2026-07,392.19
50,Shopping,2026-08,618.37
50,Shopping,2026-09,120.57
50,Travel,2026-03,1959.62
50,Travel,2026-04,3312.26
50,Travel,2026-05,2212.2000000000003
50,Travel,2026-06,2305.13
50,Travel,2026-07,1675.91
50,Travel,2026-08,2928.32
50,Utilities,2026-03,62.3
50,Utilities,2026-04,32.9
50,Utilities,2026-05,148.4
50,Utilities,2026-06,187.35
50,Utilities,2026-07,252.86
